{
    "vertical_exaggeration": 93.62142857142857,
    "scale": 5.340657663843747
}